
insert into users (user_id, username, password, name, phone, job) values (1, 'Reuven', 1, 'Hammand', '642-988-9762', 'Staff Accountant III');
insert into users (user_id, username, password, name, phone, job) values (2, 'Mabelle', 2, 'Quesne', '895-497-2107', 'Web Designer I');
insert into users (user_id, username, password, name, phone, job) values (3, 'Sosanna', 3, 'Chawkley', '193-426-1012', 'Structural Engineer');
insert into users (user_id, username, password, name, phone, job) values (4, 'Gal', 4, 'Fozard', '708-148-2071', 'Help Desk Operator');
insert into users (user_id, username, password, name, phone, job) values (5, 'Felita', 5, 'Locock', '958-456-6583', 'Legal Assistant');
insert into users (user_id, username, password, name, phone, job) values (6, 'Bale', 6, 'Manclark', '911-354-7903', 'Senior Financial Analyst');
insert into users (user_id, username, password, name, phone, job) values (7, 'Jarret', 7, 'Stollberger', '868-875-7213', 'Research Assistant III');
insert into users (user_id, username, password, name, phone, job) values (8, 'Andrey', 8, 'Mosby', '895-234-2516', 'Computer Systems Analyst I');
insert into users (user_id, username, password, name, phone, job) values (9, 'Clem', 9, 'Gemmill', '235-227-2969', 'Budget/Accounting Analyst IV');
insert into users (user_id, username, password, name, phone, job) values (10, 'Marilyn', 10, 'Fullick', '566-281-8271', 'Sales Associate');
insert into users (user_id, username, password, name, phone, job) values (11, 'Beverly', 11, 'Sommerville', '484-515-6254', 'Administrative Assistant II');
insert into users (user_id, username, password, name, phone, job) values (12, 'Tybie', 12, 'Hinstridge', '659-602-7866', 'Sales Representative');
insert into users (user_id, username, password, name, phone, job) values (13, 'Olympia', 13, 'Germon', '303-786-6311', 'Safety Technician I');
insert into users (user_id, username, password, name, phone, job) values (14, 'Derward', 14, 'Ridsdell', '811-496-4592', 'Design Engineer');
insert into users (user_id, username, password, name, phone, job) values (15, 'Othilia', 15, 'Walkden', '658-904-9433', 'Staff Accountant I');
insert into users (user_id, username, password, name, phone, job) values (16, 'Roger', 16, 'Roan', '914-472-9162', 'VP Product Management');
insert into users (user_id, username, password, name, phone, job) values (17, 'Catina', 17, 'Frearson', '119-637-6361', 'Information Systems Manager');
insert into users (user_id, username, password, name, phone, job) values (18, 'Yancey', 18, 'Limon', '461-945-9994', 'Executive Secretary');
insert into users (user_id, username, password, name, phone, job) values (19, 'Wakefield', 19, 'Bernier', '412-207-3902', 'Accountant IV');
insert into users (user_id, username, password, name, phone, job) values (20, 'Erek', 20, 'Witchalls', '419-420-6565', 'Budget/Accounting Analyst I');


insert into boards (board_id, board_name, board_type) values (1, 'REVIEW','리뷰');
insert into boards (board_id, board_name, board_type) values (2, 'QNA','큐엔에이');


insert into articles (article_id, title, content, user_id, board_id) values (1, 'Agent Red', 'java.com', 2, 1);
insert into articles (article_id, title, content, user_id, board_id) values (2, 'Exit to Hell', 'umich.edu', 3, 2);
insert into articles (article_id, title, content, user_id, board_id) values (3, 'Vengeance Valley', 'boston.com', 4, 1);
insert into articles (article_id, title, content, user_id, board_id) values (4, 'Blast', 'auda.org.au', 5, 2);
insert into articles (article_id, title, content, user_id, board_id) values (5, 'The Chumscrubber', 'walmart.com', 6, 2);
insert into articles (article_id, title, content, user_id, board_id) values (6, 'Twogether', 'webs.com', 7, 2);
insert into articles (article_id, title, content, user_id, board_id) values (7, 'Stockholm East (Stockholm Östra)', 'nps.gov', 8, 1);
insert into articles (article_id, title, content, user_id, board_id) values (8, 'Spinning Plates', '4shared.com', 9, 2);
insert into articles (article_id, title, content, user_id, board_id) values (9, 'Come On, Rangers', 'bigcartel.com', 10, 2);
insert into articles (article_id, title, content, user_id, board_id) values (10, 'Red Obession', 'arstechnica.com', 1, 1);
insert into articles (article_id, title, content, user_id, board_id) values (11, 'Management', 'google.it', 2, 1);
insert into articles (article_id, title, content, user_id, board_id) values (12, 'The Brave Little Toaster Goes to Mars', 'europa.eu', 3, 2);
insert into articles (article_id, title, content, user_id, board_id) values (13, 'From Beginning to End (Do Começo ao Fim)', 'baidu.com', 4, 2);
insert into articles (article_id, title, content, user_id, board_id) values (14, 'Return of the Killer Tomatoes!', 'nytimes.com', 5, 1);
insert into articles (article_id, title, content, user_id, board_id) values (15, 'Your Highness', 'drupal.org', 6, 1);
insert into articles (article_id, title, content, user_id, board_id) values (16, 'Italian Job, The', 'dell.com', 7, 2);
insert into articles (article_id, title, content, user_id, board_id) values (17, 'Match Point', 'army.mil', 8, 1);
insert into articles (article_id, title, content, user_id, board_id) values (18, 'Red Flag', 'oakley.com', 9, 1);
insert into articles (article_id, title, content, user_id, board_id) values (19, 'No Way Out', 'mayoclinic.com', 10, 1);
insert into articles (article_id, title, content, user_id, board_id) values (20, 'Just Ask My Children', 'twitpic.com', 1, 2);
insert into articles (article_id, title, content, user_id, board_id) values (21, 'How to Rob a Bank', 'wp.com', 2, 1);
insert into articles (article_id, title, content, user_id, board_id) values (22, 'Fat City', 'europa.eu', 3, 1);
insert into articles (article_id, title, content, user_id, board_id) values (23, 'Return of Dracula, The', 'howstuffworks.com', 4, 1);
insert into articles (article_id, title, content, user_id, board_id) values (24, '47 Ronin', 'arstechnica.com', 5, 2);
insert into articles (article_id, title, content, user_id, board_id) values (25, 'Light Bulb Conspiracy, The', 'opensource.org', 6, 2);
insert into articles (article_id, title, content, user_id, board_id) values (26, 'Dance of Outlaws (Häätanssi)', 'unc.edu', 7, 2);
insert into articles (article_id, title, content, user_id, board_id) values (27, 'Big City, The (Mahanagar)', 'bravesites.com', 8, 1);
insert into articles (article_id, title, content, user_id, board_id) values (28, 'Sam''s Song', 'mashable.com', 9, 1);
insert into articles (article_id, title, content, user_id, board_id) values (29, 'Max Keeble''s Big Move', 'youtube.com', 10, 1);
insert into articles (article_id, title, content, user_id, board_id) values (30, 'Last Voyage, The', 'qq.com', 1, 1);
insert into articles (article_id, title, content, user_id, board_id) values (31, 'Dominion Tank Police (Dominion)', 'chicagotribune.com', 2, 2);
insert into articles (article_id, title, content, user_id, board_id) values (32, 'Casino', 'vkontakte.ru', 3, 2);
insert into articles (article_id, title, content, user_id, board_id) values (33, 'Ninja Assassin', 'google.es', 4, 2);
insert into articles (article_id, title, content, user_id, board_id) values (34, 'Day of the Dead', 'amazon.co.jp', 5, 2);
insert into articles (article_id, title, content, user_id, board_id) values (35, 'Luck, Trust & Ketchup: Robert Altman in Carver Country', '1688.com', 6, 2);
insert into articles (article_id, title, content, user_id, board_id) values (36, 'Year of Living Dangerously, The', 'google.ca', 7, 2);
insert into articles (article_id, title, content, user_id, board_id) values (37, 'Piripäiväkirja', 'admin.ch', 8, 1);
insert into articles (article_id, title, content, user_id, board_id) values (38, 'Rachel Getting Married', 'forbes.com', 9, 1);
insert into articles (article_id, title, content, user_id, board_id) values (39, '2016: Obama''s America', 'uol.com.br', 10, 1);
insert into articles (article_id, title, content, user_id, board_id) values (40, 'Jeremiah Johnson', 'skype.com', 1, 2);
insert into articles (article_id, title, content, user_id, board_id) values (41, 'Hometown Legend', 'smh.com.au', 2, 1);
insert into articles (article_id, title, content, user_id, board_id) values (42, 'Group Sex', 'springer.com', 3, 2);
insert into articles (article_id, title, content, user_id, board_id) values (43, 'Wings', 'quantcast.com', 4, 1);
insert into articles (article_id, title, content, user_id, board_id) values (44, 'Sound of Noise', 'mayoclinic.com', 5, 1);
insert into articles (article_id, title, content, user_id, board_id) values (45, 'Thrilla in Manila', 'friendfeed.com', 6, 1);
insert into articles (article_id, title, content, user_id, board_id) values (46, 'Guernica', 'yellowbook.com', 7, 1);
insert into articles (article_id, title, content, user_id, board_id) values (47, 'Karlsson on the Roof', 'webmd.com', 8, 2);
insert into articles (article_id, title, content, user_id, board_id) values (48, 'Knot, The', 'ning.com', 9, 1);
insert into articles (article_id, title, content, user_id, board_id) values (49, 'Uncounted: The New Math of American Elections', 'bbc.co.uk', 10, 1);
insert into articles (article_id, title, content, user_id, board_id) values (50, 'Fear', 'sina.com.cn', 1, 1);
insert into articles (article_id, title, content, user_id, board_id) values (51, 'Anarchist Cookbook, The', 'businesswire.com', 2, 1);
insert into articles (article_id, title, content, user_id, board_id) values (52, 'Trumbo', 'ow.ly', 3, 2);
insert into articles (article_id, title, content, user_id, board_id) values (53, 'Mutual Appreciation', 'prweb.com', 4, 2);
insert into articles (article_id, title, content, user_id, board_id) values (54, 'Almost 18', 'businessinsider.com', 5, 1);
insert into articles (article_id, title, content, user_id, board_id) values (55, 'Mile... Mile & a Half', 'economist.com', 6, 1);
insert into articles (article_id, title, content, user_id, board_id) values (56, 'Last House on the Left, The', 'nifty.com', 7, 1);
insert into articles (article_id, title, content, user_id, board_id) values (57, 'Business as Usual', 'adobe.com', 8, 2);
insert into articles (article_id, title, content, user_id, board_id) values (58, 'Dear White People', 'tumblr.com', 9, 1);
insert into articles (article_id, title, content, user_id, board_id) values (59, 'New York Lightboard Record', 'histats.com', 10, 1);
insert into articles (article_id, title, content, user_id, board_id) values (60, 'Red Dragon', 'cornell.edu', 1, 2);
insert into articles (article_id, title, content, user_id, board_id) values (61, 'Corn on the Cop', 'uiuc.edu', 2, 1);
insert into articles (article_id, title, content, user_id, board_id) values (62, 'Koch', 'about.me', 3, 2);
insert into articles (article_id, title, content, user_id, board_id) values (63, 'Starship Troopers: Invasion', 'sitemeter.com', 4, 1);
insert into articles (article_id, title, content, user_id, board_id) values (64, 'Väreitä', 'go.com', 5, 1);
insert into articles (article_id, title, content, user_id, board_id) values (65, 'Call Me Madam', 'nih.gov', 6, 2);
insert into articles (article_id, title, content, user_id, board_id) values (66, 'Best Man Holiday, The', 'deliciousdays.com', 7, 2);
insert into articles (article_id, title, content, user_id, board_id) values (67, 'Ring Finger, The (L''annulaire)', 'timesonline.co.uk', 8, 2);
insert into articles (article_id, title, content, user_id, board_id) values (68, 'Reds', 'weather.com', 9, 1);
insert into articles (article_id, title, content, user_id, board_id) values (69, 'Country Strong', 'linkedin.com', 10, 1);
insert into articles (article_id, title, content, user_id, board_id) values (70, 'Flight Command', 'rediff.com', 1, 1);
insert into articles (article_id, title, content, user_id, board_id) values (71, 'Steamboat Bill, Jr.', 'virginia.edu', 2, 1);
insert into articles (article_id, title, content, user_id, board_id) values (72, 'Tainted', 'ftc.gov', 3, 2);
insert into articles (article_id, title, content, user_id, board_id) values (73, 'Blacksmith, The', 'meetup.com', 4, 2);
insert into articles (article_id, title, content, user_id, board_id) values (74, 'Guilty (Présumé coupable)', 'ow.ly', 5, 2);
insert into articles (article_id, title, content, user_id, board_id) values (75, 'The Forgotten Woman', 'cocolog-nifty.com', 6, 2);
insert into articles (article_id, title, content, user_id, board_id) values (76, 'Twister', 'hexun.com', 7, 2);
insert into articles (article_id, title, content, user_id, board_id) values (77, 'Black Christmas', 'mapy.cz', 8, 2);
insert into articles (article_id, title, content, user_id, board_id) values (78, 'Fracture', 'symantec.com', 9, 2);
insert into articles (article_id, title, content, user_id, board_id) values (79, 'Moon', 'chron.com', 10, 1);
insert into articles (article_id, title, content, user_id, board_id) values (80, 'Compliance', 'harvard.edu', 1, 2);
insert into articles (article_id, title, content, user_id, board_id) values (81, 'The Court-Martial of Jackie Robinson', 'ow.ly', 2, 2);
insert into articles (article_id, title, content, user_id, board_id) values (82, 'White Cliffs of Dover, The', 'weather.com', 3, 2);
insert into articles (article_id, title, content, user_id, board_id) values (83, 'Safe Passage', 'arstechnica.com', 4, 2);
insert into articles (article_id, title, content, user_id, board_id) values (84, 'Lonely Guy, The', 'desdev.cn', 5, 2);
insert into articles (article_id, title, content, user_id, board_id) values (85, 'Mass Appeal', 'sun.com', 6, 2);
insert into articles (article_id, title, content, user_id, board_id) values (86, 'Criminal Code, The', 'omniture.com', 7, 1);
insert into articles (article_id, title, content, user_id, board_id) values (87, 'Embodiment of Evil (Encarnação do Demônio)', 'fotki.com', 8, 1);
insert into articles (article_id, title, content, user_id, board_id) values (88, 'Fear of a Black Hat', 'phpbb.com', 9, 2);
insert into articles (article_id, title, content, user_id, board_id) values (89, 'Arachnophobia', 'google.com', 10, 1);
insert into articles (article_id, title, content, user_id, board_id) values (90, 'Red Badge of Courage, The', 'bluehost.com', 1, 1);
insert into articles (article_id, title, content, user_id, board_id) values (91, 'Chill Factor', 'census.gov', 2, 1);
insert into articles (article_id, title, content, user_id, board_id) values (92, 'Three Times (Zui hao de shi guang)', 'vinaora.com', 3, 2);
insert into articles (article_id, title, content, user_id, board_id) values (93, 'Now You Know', 'washingtonpost.com', 4, 1);
insert into articles (article_id, title, content, user_id, board_id) values (94, 'Silver Chalice, The', 'com.com', 5, 2);
insert into articles (article_id, title, content, user_id, board_id) values (95, 'Tokyo Zombie (Tôkyô zonbi)', 'rambler.ru', 6, 1);
insert into articles (article_id, title, content, user_id, board_id) values (96, '35 Shots of Rum (35 rhums)', 'flavors.me', 7, 1);
insert into articles (article_id, title, content, user_id, board_id) values (97, 'Nicholas on Holiday', 'last.fm', 8, 2);
insert into articles (article_id, title, content, user_id, board_id) values (98, 'Big Hero 6', 'npr.org', 9, 1);
insert into articles (article_id, title, content, user_id, board_id) values (99, '2 + 2 (Dos más dos)', 'elpais.com', 10, 1);
insert into articles (article_id, title, content, user_id, board_id) values (100, 'Civil Brand', 'goo.gl', 1, 2);